TSR,FFR
0.8659428731186803,0.1340571268813196