TSR,FFR
0.7822804926499801,0.21771950735001985