TSR,FFR
0.8418770721754655,0.15812292782453455