TSR,FFR
0.913425023093503,0.08657497690649697