TSR,FFR
0.8524450807570131,0.1475549192429869