TSR,FFR
0.8818339372932094,0.11816606270679061