TSR,FFR
0.9171692089393402,0.08283079106065981