TSR,FFR
0.9119414194517461,0.08805858054825384