TSR,FFR
0.8982381530984204,0.10176184690157959