TSR,FFR
0.9177914110429448,0.08220858895705521