TSR,FFR
0.8521541089390776,0.14784589106092239