TSR,FFR
0.8545768566493955,0.1454231433506045